Name,State,Type,Region
Amridge University,AL,Private,Southeast
Birmingham Southern College,AL,Private,Southeast
Faulkner University,AL,Private,Southeast
Huntingdon College,AL,Private,Southeast
Heritage Christian University,AL,Private,Southeast
Judson College,AL,Private,Southeast
Miles College,AL,Private,Southeast
University of Mobile,AL,Private,Southeast
Oakwood University,AL,Private,Southeast
Samford University,AL,Private,Southeast
Spring Hill College,AL,Private,Southeast
Stillman College,AL,Private,Southeast
Talladega College,AL,Private,Southeast
Tuskegee University,AL,Private,Southeast
United States Sports Academy,AL,Private,Southeast
Alaska Bible College,AK,Private,West
Alaska Pacific University,AK,Private,West
Embry-Riddle Aeronautical University-Prescott,AZ,Private,West
Ottawa University-Phoenix,AZ,Private,West
Prescott College,AZ,Private,West
Arizona Christian University,AZ,Private,West
Lyon College,AR,Private,Southeast
Central Baptist College,AR,Private,Southeast
Crowley's Ridge College,AR,Private,Southeast
Harding University,AR,Private,Southeast
Hendrix College,AR,Private,Southeast
John Brown University,AR,Private,Southeast
Ouachita Baptist University,AR,Private,Southeast
University of the Ozarks,AR,Private,Southeast
Philander Smith College,AR,Private,Southeast
Williams Baptist University,AR,Private,Southeast
Art Center College of Design,CA,Private,West
Azusa Pacific University,CA,Private,West
Bethesda University,CA,Private,West
Biola University,CA,Private,West
California Institute of Integral Studies,CA,Private,West
California Baptist University,CA,Private,West
California College of the Arts,CA,Private,West
California Institute of Technology,CA,Private,West
California Lutheran University,CA,Private,West
California Christian College,CA,Private,West
California Institute of the Arts,CA,Private,West
Chapman University,CA,Private,West
Concordia University-Irvine,CA,Private,West
San Diego Christian College,CA,Private,West
Claremont McKenna College,CA,Private,West
Columbia College Hollywood,CA,Private,West
Dominican University of California,CA,Private,West
Fresno Pacific University,CA,Private,West
Golden Gate University-San Francisco,CA,Private,West
Harvey Mudd College,CA,Private,West
Holy Names University,CA,Private,West
Humphreys University-Stockton and Modesto Campuses,CA,Private,West
John F. Kennedy University,CA,Private,West
American Jewish University,CA,Private,West
Life Pacific College,CA,Private,West
University of La Verne,CA,Private,West
Laguna College of Art and Design,CA,Private,West
Lincoln University,CA,Private,West
Southern California Seminary,CA,Private,West
La Sierra University,CA,Private,West
Loma Linda University,CA,Private,West
The Master's University and Seminary,CA,Private,West
Loyola Marymount University,CA,Private,West
Marymount California University,CA,Private,West
Menlo College,CA,Private,West
Mills College,CA,Private,West
Middlebury Institute of International Studies at Monterey,CA,Private,West
Mount Saint Mary's University,CA,Private,West
National University,CA,Private,West
Notre Dame de Namur University,CA,Private,West
Occidental College,CA,Private,West
Otis College of Art and Design,CA,Private,West
Hope International University,CA,Private,West
Palo Alto University,CA,Private,West
Pacific Oaks College,CA,Private,West
Pacific States University,CA,Private,West
Pacific Union College,CA,Private,West
University of the Pacific,CA,Private,West
Pepperdine University,CA,Private,West
Pitzer College,CA,Private,West
Point Loma Nazarene University,CA,Private,West
Pomona College,CA,Private,West
University of Redlands,CA,Private,West
Samuel Merritt University,CA,Private,West
University of San Diego,CA,Private,West
San Francisco Art Institute,CA,Private,West
San Francisco Conservatory of Music,CA,Private,West
University of San Francisco,CA,Private,West
William Jessup University,CA,Private,West
Santa Clara University,CA,Private,West
Scripps College,CA,Private,West
Shasta Bible College and Graduate School,CA,Private,West
Simpson University,CA,Private,West
Saint Mary's College of California,CA,Private,West
South Baylo University,CA,Private,West
Vanguard University of Southern California,CA,Private,West
Southern California Institute of Architecture,CA,Private,West
University of Southern California,CA,Private,West
Thomas Aquinas College,CA,Private,West
Westmont College,CA,Private,West
Whittier College,CA,Private,West
Woodbury University,CA,Private,West
Yeshiva Ohr Elchonon Chabad West Coast Talmudical Seminary,CA,Private,West
Colorado Christian University,CO,Private,West
Colorado College,CO,Private,West
University of Denver,CO,Private,West
Naropa University,CO,Private,West
Nazarene Bible College,CO,Private,West
Regis University,CO,Private,West
Albertus Magnus College,CT,Private,Northeast
University of Bridgeport,CT,Private,Northeast
Connecticut College,CT,Private,Northeast
Fairfield University,CT,Private,Northeast
University of Hartford,CT,Private,Northeast
Holy Apostles College and Seminary,CT,Private,Northeast
Mitchell College,CT,Private,Northeast
University of New Haven,CT,Private,Northeast
Quinnipiac University,CT,Private,Northeast
Sacred Heart University,CT,Private,Northeast
University of Saint Joseph,CT,Private,Northeast
Trinity College,CT,Private,Northeast
Wesleyan University,CT,Private,Northeast
Yale University,CT,Private,Northeast
Goldey-Beacom College,DE,Private,Northeast
Wesley College,DE,Private,Northeast
Wilmington University,DE,Private,Northeast
American University,DC,Private,Northeast
Catholic University of America,DC,Private,Northeast
Gallaudet University,DC,Private,Northeast
George Washington University,DC,Private,Northeast
Georgetown University,DC,Private,Northeast
Howard University,DC,Private,Northeast
Trinity Washington University,DC,Private,Northeast
The Baptist College of Florida,FL,Private,Southeast
Barry University,FL,Private,Southeast
Bethune-Cookman University,FL,Private,Southeast
Lynn University,FL,Private,Southeast
Carlos Albizu University-Miami,FL,Private,Southeast
Johnson University Florida,FL,Private,Southeast
Eckerd College,FL,Private,Southeast
Edward Waters College,FL,Private,Southeast
Embry-Riddle Aeronautical University-Daytona Beach,FL,Private,Southeast
Flagler College-St Augustine,FL,Private,Southeast
AdventHealth University,FL,Private,Southeast
Florida Institute of Technology,FL,Private,Southeast
Florida Memorial University,FL,Private,Southeast
Florida Southern College,FL,Private,Southeast
Hobe Sound Bible College,FL,Private,Southeast
Jacksonville University,FL,Private,Southeast
Luther Rice College & Seminary,GA,Private,Southeast
Trinity International University-Florida,FL,Private,Southeast
University of Miami,FL,Private,Southeast
Nova Southeastern University,FL,Private,Southeast
Palm Beach Atlantic University,FL,Private,Southeast
Ringling College of Art and Design,FL,Private,Southeast
Rollins College,FL,Private,Southeast
Saint Leo University,FL,Private,Southeast
Saint John Vianney College Seminary,FL,Private,Southeast
St. Thomas University,FL,Private,Southeast
Stetson University,FL,Private,Southeast
Southeastern University,FL,Private,Southeast
Talmudic College of Florida,FL,Private,Southeast
The University of Tampa,FL,Private,Southeast
Trinity Baptist College,FL,Private,Southeast
Trinity College of Florida,FL,Private,Southeast
Warner University,FL,Private,Southeast
Webber International University,FL,Private,Southeast
Agnes Scott College,GA,Private,Southeast
Point University,GA,Private,Southeast
Clark Atlanta University,GA,Private,Southeast
Berry College,GA,Private,Southeast
Beulah Heights University,GA,Private,Southeast
Brenau University,GA,Private,Southeast
Brewton-Parker College,GA,Private,Southeast
Covenant College,GA,Private,Southeast
Emmanuel College,GA,Private,Southeast
Emory University,GA,Private,Southeast
LaGrange College,GA,Private,Southeast
Life University,GA,Private,Southeast
Herzing University-Atlanta,GA,Private,Southeast
Mercer University,GA,Private,Southeast
Morehouse College,GA,Private,Southeast
Oglethorpe University,GA,Private,Southeast
Paine College,GA,Private,Southeast
Piedmont College,GA,Private,Southeast
Reinhardt University,GA,Private,Southeast
Savannah College of Art and Design,GA,Private,Southeast
Shorter University,GA,Private,Southeast
Spelman College,GA,Private,Southeast
Thomas University,GA,Private,Southeast
Toccoa Falls College,GA,Private,Southeast
Truett McConnell University,GA,Private,Southeast
Wesleyan College,GA,Private,Southeast
Young Harris College,GA,Private,Southeast
Chaminade University of Honolulu,HI,Private,West
Hawaii Pacific University,HI,Private,West
Boise Bible College,ID,Private,West
The College of Idaho,ID,Private,West
Northwest Nazarene University,ID,Private,West
Brigham Young University-Idaho,ID,Private,West
American Academy of Art,IL,Private,Midwest
American Islamic College,IL,Private,Midwest
School of the Art Institute of Chicago,IL,Private,Midwest
Augustana College,IL,Private,Midwest
Aurora University,IL,Private,Midwest
Blackburn College,IL,Private,Midwest
Blessing Rieman College of Nursing and Health Sciences,IL,Private,Midwest
Bradley University,IL,Private,Midwest
University of Chicago,IL,Private,Midwest
Columbia College Chicago,IL,Private,Midwest
Concordia University-Chicago,IL,Private,Midwest
DePaul University,IL,Private,Midwest
East-West University,IL,Private,Midwest
Elmhurst College,IL,Private,Midwest
Eureka College,IL,Private,Midwest
Greenville University,IL,Private,Midwest
Hebrew Theological College,IL,Private,Midwest
Benedictine University,IL,Private,Midwest
Illinois Wesleyan University,IL,Private,Midwest
Illinois College,IL,Private,Midwest
Illinois Institute of Technology,IL,Private,Midwest
Judson University,IL,Private,Midwest
Knox College,IL,Private,Midwest
Lake Forest College,IL,Private,Midwest
Lakeview College of Nursing,IL,Private,Midwest
Lewis University,IL,Private,Midwest
Lincoln Christian University,IL,Private,Midwest
Loyola University Chicago,IL,Private,Midwest
Trinity College of Nursing & Health Sciences,IL,Private,Midwest
MacMurray College,IL,Private,Midwest
McKendree University,IL,Private,Midwest
Methodist College,IL,Private,Midwest
Millikin University,IL,Private,Midwest
Monmouth College,IL,Private,Midwest
Moody Bible Institute,IL,Private,Midwest
National Louis University,IL,Private,Midwest
National University of Health Sciences,IL,Private,Midwest
North Central College,IL,Private,Midwest
North Park University,IL,Private,Midwest
Northwestern University,IL,Private,Midwest
Olivet Nazarene University,IL,Private,Midwest
Principia College,IL,Private,Midwest
Quincy University,IL,Private,Midwest
Robert Morris University Illinois,IL,Private,Midwest
Rockford University,IL,Private,Midwest
Roosevelt University,IL,Private,Midwest
Dominican University,IL,Private,Midwest
Rush University,IL,Private,Midwest
Saint Francis Medical Center College of Nursing,IL,Private,Midwest
University of St Francis,IL,Private,Midwest
St. John's College-Department of Nursing,IL,Private,Midwest
Saint Xavier University,IL,Private,Midwest
Saint Anthony College of Nursing,IL,Private,Midwest
Telshe Yeshiva-Chicago,IL,Private,Midwest
Trinity Christian College,IL,Private,Midwest
Trinity International University-Illinois,IL,Private,Midwest
VanderCook College of Music,IL,Private,Midwest
Resurrection University,IL,Private,Midwest
Wheaton College,IL,Private,Midwest
Anderson University,IN,Private,Midwest
Bethel College-Indiana,IN,Private,Midwest
Butler University,IN,Private,Midwest
Calumet College of Saint Joseph,IN,Private,Midwest
DePauw University,IN,Private,Midwest
Earlham College,IN,Private,Midwest
University of Evansville,IN,Private,Midwest
Franklin College,IN,Private,Midwest
Goshen College,IN,Private,Midwest
Grace College and Theological Seminary,IN,Private,Midwest
Hanover College,IN,Private,Midwest
Holy Cross College,IN,Private,Midwest
Huntington University,IN,Private,Midwest
University of Indianapolis,IN,Private,Midwest
Indiana Institute of Technology,IN,Private,Midwest
Manchester University,IN,Private,Midwest
Marian University,IN,Private,Midwest
Indiana Wesleyan University-Marion,IN,Private,Midwest
Martin University,IN,Private,Midwest
University of Notre Dame,IN,Private,Midwest
Oakland City University,IN,Private,Midwest
Rose-Hulman Institute of Technology,IN,Private,Midwest
University of Saint Francis-Fort Wayne,IN,Private,Midwest
Saint Mary-of-the-Woods College,IN,Private,Midwest
Saint Mary's College,IN,Private,Midwest
Taylor University,IN,Private,Midwest
Trine University,IN,Private,Midwest
Valparaiso University,IN,Private,Midwest
Wabash College,IN,Private,Midwest
Allen College,IA,Private,Midwest
Briar Cliff University,IA,Private,Midwest
Buena Vista University,IA,Private,Midwest
Central College,IA,Private,Midwest
Clarke University,IA,Private,Midwest
Coe College,IA,Private,Midwest
Cornell College,IA,Private,Midwest
Divine Word College,IA,Private,Midwest
Dordt College,IA,Private,Midwest
Drake University,IA,Private,Midwest
University of Dubuque,IA,Private,Midwest
Faith Baptist Bible College and Theological Seminary,IA,Private,Midwest
Graceland University-Lamoni,IA,Private,Midwest
Grand View University,IA,Private,Midwest
Grinnell College,IA,Private,Midwest
Iowa Wesleyan University,IA,Private,Midwest
Loras College,IA,Private,Midwest
Luther College,IA,Private,Midwest
Maharishi University of Management,IA,Private,Midwest
Mercy College of Health Sciences,IA,Private,Midwest
Morningside College,IA,Private,Midwest
Mount Mercy University,IA,Private,Midwest
Northwestern College,IA,Private,Midwest
Palmer College of Chiropractic,IA,Private,Midwest
Saint Ambrose University,IA,Private,Midwest
Simpson College,IA,Private,Midwest
Upper Iowa University,IA,Private,Midwest
Wartburg College,IA,Private,Midwest
William Penn University,IA,Private,Midwest
Baker University,KS,Private,Midwest
Benedictine College,KS,Private,Midwest
Bethany College,KS,Private,Midwest
Bethel College-North Newton,KS,Private,Midwest
Central Christian College of Kansas,KS,Private,Midwest
Barclay College,KS,Private,Midwest
Friends University,KS,Private,Midwest
Newman University,KS,Private,Midwest
Kansas Wesleyan University,KS,Private,Midwest
Manhattan Christian College,KS,Private,Midwest
McPherson College,KS,Private,Midwest
MidAmerica Nazarene University,KS,Private,Midwest
Ottawa University-Ottawa,KS,Private,Midwest
Ottawa University-Kansas City,KS,Private,Midwest
University of Saint Mary,KS,Private,Midwest
Southwestern College,KS,Private,Midwest
Sterling College,KS,Private,Midwest
Tabor College,KS,Private,Midwest
Alice Lloyd College,KY,Private,Southeast
Asbury University,KY,Private,Southeast
Bellarmine University,KY,Private,Southeast
Berea College,KY,Private,Southeast
Brescia University,KY,Private,Southeast
Campbellsville University,KY,Private,Southeast
Centre College,KY,Private,Southeast
Clear Creek Baptist Bible College,KY,Private,Southeast
University of the Cumberlands,KY,Private,Southeast
Georgetown College,KY,Private,Southeast
Kentucky Mountain Bible College,KY,Private,Southeast
Kentucky Wesleyan College,KY,Private,Southeast
Kentucky Christian University,KY,Private,Southeast
Lindsey Wilson College,KY,Private,Southeast
Midway University,KY,Private,Southeast
University of Pikeville,KY,Private,Southeast
The Southern Baptist Theological Seminary,KY,Private,Southeast
Spalding University,KY,Private,Southeast
Thomas More College,KY,Private,Southeast
Transylvania University,KY,Private,Southeast
Union College,KY,Private,Southeast
Centenary College of Louisiana,LA,Private,Southeast
Dillard University,LA,Private,Southeast
Louisiana College,LA,Private,Southeast
Loyola University New Orleans,LA,Private,Southeast
University of Holy Cross,LA,Private,Southeast
Franciscan Missionaries of Our Lady University,LA,Private,Southeast
Saint Joseph Seminary College,LA,Private,Southeast
Tulane University of Louisiana,LA,Private,Southeast
Xavier University of Louisiana,LA,Private,Southeast
College of the Atlantic,ME,Private,Northeast
Bates College,ME,Private,Northeast
Bowdoin College,ME,Private,Northeast
Colby College,ME,Private,Northeast
University of New England,ME,Private,Northeast
Maine College of Art,ME,Private,Northeast
Saint Joseph's College of Maine,ME,Private,Northeast
Thomas College,ME,Private,Northeast
Unity College,ME,Private,Northeast
Capitol Technology University,MD,Private,Northeast
Washington Adventist University,MD,Private,Northeast
Goucher College,MD,Private,Northeast
Hood College,MD,Private,Northeast
Johns Hopkins University,MD,Private,Northeast
Loyola University Maryland,MD,Private,Northeast
Maryland Institute College of Art,MD,Private,Northeast
Mount St. Mary's University,MD,Private,Northeast
Ner Israel Rabbinical College,MD,Private,Northeast
Notre Dame of Maryland University,MD,Private,Northeast
St. John's College,MD,Private,Northeast
Stevenson University,MD,Private,Northeast
Washington College,MD,Private,Northeast
McDaniel College,MD,Private,Northeast
Hult International Business School,MA,Private,Northeast
American International College,MA,Private,Northeast
Amherst College,MA,Private,Northeast
Anna Maria College,MA,Private,Northeast
Assumption College,MA,Private,Northeast
Babson College,MA,Private,Northeast
Boston Baptist College,MA,Private,Northeast
Bay Path University,MA,Private,Northeast
Becker College,MA,Private,Northeast
Bentley University,MA,Private,Northeast
Berklee College of Music,MA,Private,Northeast
Boston Architectural College,MA,Private,Northeast
Boston College,MA,Private,Northeast
Boston University,MA,Private,Northeast
Brandeis University,MA,Private,Northeast
Cambridge College,MA,Private,Northeast
Clark University,MA,Private,Northeast
Curry College,MA,Private,Northeast
Eastern Nazarene College,MA,Private,Northeast
Emerson College,MA,Private,Northeast
Emmanuel College,MA,Private,Northeast
Endicott College,MA,Private,Northeast
Fisher College,MA,Private,Northeast
Gordon College,MA,Private,Northeast
Hampshire College,MA,Private,Northeast
Harvard University,MA,Private,Northeast
Hebrew College,MA,Private,Northeast
Hellenic College-Holy Cross Greek Orthodox School of Theology,MA,Private,Northeast
College of the Holy Cross,MA,Private,Northeast
Lasell College,MA,Private,Northeast
Lesley University,MA,Private,Northeast
MCPHS University,MA,Private,Northeast
Massachusetts Institute of Technology,MA,Private,Northeast
Merrimack College,MA,Private,Northeast
MGH Institute of Health Professions,MA,Private,Northeast
Montserrat College of Art,MA,Private,Northeast
Mount Holyoke College,MA,Private,Northeast
The New England Conservatory of Music,MA,Private,Northeast
New England College of Optometry,MA,Private,Northeast
Nichols College,MA,Private,Northeast
Northeastern University,MA,Private,Northeast
College of Our Lady of the Elms,MA,Private,Northeast
Pine Manor College,MA,Private,Northeast
Regis College,MA,Private,Northeast
Saint John's Seminary,MA,Private,Northeast
Simmons University,MA,Private,Northeast
Smith College,MA,Private,Northeast
Springfield College,MA,Private,Northeast
Stonehill College,MA,Private,Northeast
Suffolk University,MA,Private,Northeast
Tufts University,MA,Private,Northeast
Wellesley College,MA,Private,Northeast
Wentworth Institute of Technology,MA,Private,Northeast
Western New England University,MA,Private,Northeast
Wheaton College,MA,Private,Northeast
Wheelock College,MA,Private,Northeast
Williams College,MA,Private,Northeast
Worcester Polytechnic Institute,MA,Private,Northeast
Adrian College,MI,Private,Midwest
Albion College,MI,Private,Midwest
Alma College,MI,Private,Midwest
Andrews University,MI,Private,Midwest
Aquinas College,MI,Private,Midwest
Calvin College,MI,Private,Midwest
Cleary University,MI,Private,Midwest
Concordia University-Ann Arbor,MI,Private,Midwest
College for Creative Studies,MI,Private,Midwest
Davenport University,MI,Private,Midwest
University of Detroit Mercy,MI,Private,Midwest
Kettering University,MI,Private,Midwest
Cornerstone University,MI,Private,Midwest
Great Lakes Christian College,MI,Private,Midwest
Hillsdale College,MI,Private,Midwest
Hope College,MI,Private,Midwest
Kalamazoo College,MI,Private,Midwest
Lawrence Technological University,MI,Private,Midwest
Madonna University,MI,Private,Midwest
Marygrove College,MI,Private,Midwest
Rochester College,MI,Private,Midwest
Northwood University,MI,Private,Midwest
Olivet College,MI,Private,Midwest
Kuyper College,MI,Private,Midwest
Siena Heights University,MI,Private,Midwest
Spring Arbor University,MI,Private,Midwest
Finlandia University,MI,Private,Midwest
Walsh College,MI,Private,Midwest
Augsburg University,MN,Private,Midwest
Bethany Lutheran College,MN,Private,Midwest
Bethel University,MN,Private,Midwest
Carleton College,MN,Private,Midwest
Concordia College at Moorhead,MN,Private,Midwest
Concordia University-Saint Paul,MN,Private,Midwest
Martin Luther College,MN,Private,Midwest
Gustavus Adolphus College,MN,Private,Midwest
Hamline University,MN,Private,Midwest
Macalester College,MN,Private,Midwest
Minneapolis College of Art and Design,MN,Private,Midwest
North Central University,MN,Private,Midwest
University of Northwestern-St Paul,MN,Private,Midwest
Northwestern Health Sciences University,MN,Private,Midwest
Oak Hills Christian College,MN,Private,Midwest
College of Saint Benedict,MN,Private,Midwest
Saint Johns University,MN,Private,Midwest
Saint Mary's University of Minnesota,MN,Private,Midwest
St Olaf College,MN,Private,Midwest
Crown College,MN,Private,Midwest
The College of Saint Scholastica,MN,Private,Midwest
University of St Thomas,MN,Private,Midwest
St Catherine University,MN,Private,Midwest
Belhaven University,MS,Private,Southeast
Blue Mountain College,MS,Private,Southeast
Millsaps College,MS,Private,Southeast
Mississippi College,MS,Private,Southeast
Rust College,MS,Private,Southeast
Tougaloo College,MS,Private,Southeast
William Carey University,MS,Private,Southeast
Avila University,MO,Private,Midwest
Baptist Bible College,MO,Private,Midwest
Cox College,MO,Private,Midwest
Calvary University,MO,Private,Midwest
Central Christian College of the Bible,MO,Private,Midwest
Central Methodist University-College of Liberal Arts and Sciences,MO,Private,Midwest
Cleveland University-Kansas City,KS,Private,Midwest
Columbia College,MO,Private,Midwest
Conception Seminary College,MO,Private,Midwest
Culver-Stockton College,MO,Private,Midwest
Drury University,MO,Private,Midwest
Evangel University,MO,Private,Midwest
Fontbonne University,MO,Private,Midwest
Hannibal-LaGrange University,MO,Private,Midwest
Barnes-Jewish College Goldfarb School of Nursing,MO,Private,Midwest
Kansas City Art Institute,MO,Private,Midwest
Kenrick Glennon Seminary,MO,Private,Midwest
Lindenwood University,MO,Private,Midwest
Logan University,MO,Private,Midwest
Maryville University of Saint Louis,MO,Private,Midwest
Midwestern Baptist Theological Seminary,MO,Private,Midwest
Missouri Baptist University,MO,Private,Midwest
Missouri Valley College,MO,Private,Midwest
Ozark Christian College,MO,Private,Midwest
College of the Ozarks,MO,Private,Midwest
Park University,MO,Private,Midwest
Rockhurst University,MO,Private,Midwest
Saint Louis University,MO,Private,Midwest
Saint Louis Christian College,MO,Private,Midwest
St. Louis College of Pharmacy,MO,Private,Midwest
Southwest Baptist University,MO,Private,Midwest
Saint Luke's College of Health Sciences,MO,Private,Midwest
Stephens College,MO,Private,Midwest
Washington University in St Louis,MO,Private,Midwest
Webster University,MO,Private,Midwest
Westminster College,MO,Private,Midwest
William Jewell College,MO,Private,Midwest
William Woods University,MO,Private,Midwest
Carroll College,MT,Private,West
University of Providence,MT,Private,West
Rocky Mountain College,MT,Private,West
Bellevue University,NE,Private,Midwest
Clarkson College,NE,Private,Midwest
Bryan College of Health Sciences,NE,Private,Midwest
Concordia University-Nebraska,NE,Private,Midwest
Creighton University,NE,Private,Midwest
Doane University-Arts & Sciences,NE,Private,Midwest
Hastings College,NE,Private,Midwest
Nebraska Methodist College of Nursing & Allied Health,NE,Private,Midwest
Midland University,NE,Private,Midwest
Nebraska Christian College of Hope International University,NE,Private,Midwest
Nebraska Wesleyan University,NE,Private,Midwest
Summit Christian College,NE,Private,Midwest
College of Saint Mary,NE,Private,Midwest
Union College,NE,Private,Midwest
York College,NE,Private,Midwest
Sierra Nevada College,NV,Private,West
Colby-Sawyer College,NH,Private,Northeast
Dartmouth College,NH,Private,Northeast
Franklin Pierce University,NH,Private,Northeast
Northeast Catholic College,NH,Private,Northeast
New England College,NH,Private,Northeast
Southern New Hampshire University,NH,Private,Northeast
Rivier University,NH,Private,Northeast
Saint Anselm College,NH,Private,Northeast
Thomas More College of Liberal Arts,NH,Private,Northeast
Beth Medrash Govoha,NJ,Private,Northeast
Bloomfield College,NJ,Private,Northeast
Caldwell University,NJ,Private,Northeast
Centenary University,NJ,Private,Northeast
Drew University,NJ,Private,Northeast
Fairleigh Dickinson University-Metropolitan Campus,NJ,Private,Northeast
Felician University,NJ,Private,Northeast
Fairleigh Dickinson University-Florham Campus,NJ,Private,Northeast
Georgian Court University,NJ,Private,Northeast
Monmouth University,NJ,Private,Northeast
Princeton University,NJ,Private,Northeast
Rabbinical College of America,NJ,Private,Northeast
Rider University,NJ,Private,Northeast
Saint Peter's University,NJ,Private,Northeast
Seton Hall University,NJ,Private,Northeast
College of Saint Elizabeth,NJ,Private,Northeast
Stevens Institute of Technology,NJ,Private,Northeast
Talmudical Academy-New Jersey,NJ,Private,Northeast
University of the Southwest,NM,Private,West
Adelphi University,NY,Private,Northeast
Albany College of Pharmacy and Health Sciences,NY,Private,Northeast
Alfred University,NY,Private,Northeast
Bard College,NY,Private,Northeast
Barnard College,NY,Private,Northeast
Beth Hamedrash Shaarei Yosher Institute,NY,Private,Northeast
Boricua College,NY,Private,Northeast
Canisius College,NY,Private,Northeast
Cazenovia College,NY,Private,Northeast
Central Yeshiva Tomchei Tmimim Lubavitz,NY,Private,Northeast
Clarkson University,NY,Private,Northeast
Colgate University,NY,Private,Northeast
Metropolitan College of New York,NY,Private,Northeast
Columbia University in the City of New York,NY,Private,Northeast
Concordia College-New York,NY,Private,Northeast
Cooper Union for the Advancement of Science and Art,NY,Private,Northeast
Cornell University,NY,Private,Northeast
D'Youville College,NY,Private,Northeast
Daemen College,NY,Private,Northeast
Yeshiva of Far Rockaway Derech Ayson Rabbinical Seminary,NY,Private,Northeast
Dominican College of Blauvelt,NY,Private,Northeast
Elmira College,NY,Private,Northeast
Fordham University,NY,Private,Northeast
Hamilton College,NY,Private,Northeast
Hartwick College,NY,Private,Northeast
Hilbert College,NY,Private,Northeast
Hobart William Smith Colleges,NY,Private,Northeast
Hofstra University,NY,Private,Northeast
Houghton College,NY,Private,Northeast
Iona College,NY,Private,Northeast
Ithaca College,NY,Private,Northeast
Jewish Theological Seminary of America,NY,Private,Northeast
The Juilliard School,NY,Private,Northeast
Kehilath Yakov Rabbinical Seminary,NY,Private,Northeast
Keuka College,NY,Private,Northeast
Le Moyne College,NY,Private,Northeast
LIU Brooklyn,NY,Private,Northeast
Long Island University,NY,Private,Northeast
LIU Brentwood,NY,Private,Northeast
Machzikei Hadath Rabbinical College,NY,Private,Northeast
Manhattan College,NY,Private,Northeast
Manhattan School of Music,NY,Private,Northeast
Manhattanville College,NY,Private,Northeast
Marist College,NY,Private,Northeast
Marymount Manhattan College,NY,Private,Northeast
Medaille College,NY,Private,Northeast
Mercy College,NY,Private,Northeast
Mesivta Torah Vodaath Rabbinical Seminary,NY,Private,Northeast
Mesivtha Tifereth Jerusalem of America,NY,Private,Northeast
Mirrer Yeshiva Cent Institute,NY,Private,Northeast
Molloy College,NY,Private,Northeast
Mount Saint Mary College,NY,Private,Northeast
College of Mount Saint Vincent,NY,Private,Northeast
Nazareth College,NY,Private,Northeast
The New School,NY,Private,Northeast
New York University,NY,Private,Northeast
Niagara University,NY,Private,Northeast
New York Institute of Technology,NY,Private,Northeast
New York School of Interior Design,NY,Private,Northeast
Nyack College,NY,Private,Northeast
Pace University,NY,Private,Northeast
Paul Smiths College of Arts and Science,NY,Private,Northeast
Davis College,NY,Private,Northeast
Pratt Institute-Main,NY,Private,Northeast
Rabbinical Academy Mesivta Rabbi Chaim Berlin,NY,Private,Northeast
Rabbinical College Bobover Yeshiva Bnei Zion,NY,Private,Northeast
Rabbinical Seminary of America,NY,Private,Northeast
Rensselaer Polytechnic Institute,NY,Private,Northeast
Roberts Wesleyan College,NY,Private,Northeast
Rochester Institute of Technology,NY,Private,Northeast
University of Rochester,NY,Private,Northeast
The Sage Colleges,NY,Private,Northeast
St Bonaventure University,NY,Private,Northeast
St Francis College,NY,Private,Northeast
St Lawrence University,NY,Private,Northeast
The College of Saint Rose,NY,Private,Northeast
St. Thomas Aquinas College,NY,Private,Northeast
Sarah Lawrence College,NY,Private,Northeast
Sh'or Yoshuv Rabbinical College,NY,Private,Northeast
Siena College,NY,Private,Northeast
Skidmore College,NY,Private,Northeast
St. Joseph's College-New York,NY,Private,Northeast
St. Joseph's College-Long Island,NY,Private,Northeast
Saint John Fisher College,NY,Private,Northeast
St John's University-New York,NY,Private,Northeast
Syracuse University,NY,Private,Northeast
Torah Temimah Talmudical Seminary,NY,Private,Northeast
Touro College,NY,Private,Northeast
Excelsior College,NY,Private,Northeast
Union College,NY,Private,Northeast
United Talmudical Seminary,NY,Private,Northeast
Utica College,NY,Private,Northeast
Vassar College,NY,Private,Northeast
Wagner College,NY,Private,Northeast
Webb Institute,NY,Private,Northeast
Wells College,NY,Private,Northeast
Yeshiva Karlin Stolin,NY,Private,Northeast
Yeshiva Derech Chaim,NY,Private,Northeast
Yeshiva of Nitra Rabbinical College,NY,Private,Northeast
Yeshiva Shaar Hatorah,NY,Private,Northeast
Yeshiva University,NY,Private,Northeast
Yeshivath Viznitz,NY,Private,Northeast
Barton College,NC,Private,Southeast
Belmont Abbey College,NC,Private,Southeast
Bennett College,NC,Private,Southeast
Brevard College,NC,Private,Southeast
Campbell University,NC,Private,Southeast
Catawba College,NC,Private,Southeast
Chowan University,NC,Private,Southeast
Davidson College,NC,Private,Southeast
Duke University,NC,Private,Southeast
Elon University,NC,Private,Southeast
Gardner-Webb University,NC,Private,Southeast
Greensboro College,NC,Private,Southeast
Guilford College,NC,Private,Southeast
Heritage Bible College,NC,Private,Southeast
High Point University,NC,Private,Southeast
Johnson C Smith University,NC,Private,Southeast
Lees-McRae College,NC,Private,Southeast
Lenoir-Rhyne University,NC,Private,Southeast
Livingstone College,NC,Private,Southeast
Mars Hill University,NC,Private,Southeast
Meredith College,NC,Private,Southeast
Methodist University,NC,Private,Southeast
Montreat College,NC,Private,Southeast
University of Mount Olive,NC,Private,Southeast
North Carolina Wesleyan College,NC,Private,Southeast
William Peace University,NC,Private,Southeast
Pfeiffer University,NC,Private,Southeast
Queens University of Charlotte,NC,Private,Southeast
Mid-Atlantic Christian University,NC,Private,Southeast
Saint Augustine's University,NC,Private,Southeast
Salem College,NC,Private,Southeast
Shaw University,NC,Private,Southeast
St. Andrews University,NC,Private,Southeast
Southeastern Baptist Theological Seminary,NC,Private,Southeast
Wake Forest University,NC,Private,Southeast
Warren Wilson College,NC,Private,Southeast
Wingate University,NC,Private,Southeast
Carolina Christian College,NC,Private,Southeast
University of Jamestown,ND,Private,Midwest
University of Mary,ND,Private,Midwest
Trinity Bible College and Graduate School,ND,Private,Midwest
Allegheny Wesleyan College,OH,Private,Midwest
Art Academy of Cincinnati,OH,Private,Midwest
Ashland University,OH,Private,Midwest
Baldwin Wallace University,OH,Private,Midwest
Bluffton University,OH,Private,Midwest
Capital University,OH,Private,Midwest
Case Western Reserve University,OH,Private,Midwest
Cedarville University,OH,Private,Midwest
Cincinnati Christian University,OH,Private,Midwest
Ohio Christian University,OH,Private,Midwest
Cleveland Institute of Art,OH,Private,Midwest
Cleveland Institute of Music,OH,Private,Midwest
Columbus College of Art and Design,OH,Private,Midwest
University of Dayton,OH,Private,Midwest
Defiance College,OH,Private,Midwest
Denison University,OH,Private,Midwest
The University of Findlay,OH,Private,Midwest
Franklin University,OH,Private,Midwest
Gods Bible School and College,OH,Private,Midwest
Heidelberg University,OH,Private,Midwest
Hiram College,OH,Private,Midwest
John Carroll University,OH,Private,Midwest
Kenyon College,OH,Private,Midwest
Kettering College,OH,Private,Midwest
Lake Erie College,OH,Private,Midwest
Lourdes University,OH,Private,Midwest
Malone University,OH,Private,Midwest
Marietta College,OH,Private,Midwest
Mount Carmel College of Nursing,OH,Private,Midwest
University of Mount Union,OH,Private,Midwest
Mount Vernon Nazarene University,OH,Private,Midwest
Mount Saint Joseph University,OH,Private,Midwest
Muskingum University,OH,Private,Midwest
Notre Dame College,OH,Private,Midwest
Oberlin College,OH,Private,Midwest
Ohio Dominican University,OH,Private,Midwest
Ohio Northern University,OH,Private,Midwest
Ohio Wesleyan University,OH,Private,Midwest
Otterbein University,OH,Private,Midwest
Pontifical College Josephinum,OH,Private,Midwest
Rabbinical College Telshe,OH,Private,Midwest
Franciscan University of Steubenville,OH,Private,Midwest
Tiffin University,OH,Private,Midwest
Tri-State Bible College,OH,Private,Midwest
Union Institute & University,OH,Private,Midwest
Urbana University,OH,Private,Midwest
Ursuline College,OH,Private,Midwest
Walsh University,OH,Private,Midwest
Wilberforce University,OH,Private,Midwest
Wilmington College,OH,Private,Midwest
Wittenberg University,OH,Private,Midwest
The College of Wooster,OH,Private,Midwest
Xavier University,OH,Private,Midwest
Bacone College,OK,Private,West
Oklahoma Wesleyan University,OK,Private,West
Southern Nazarene University,OK,Private,West
Randall University,OK,Private,West
Oklahoma Christian University,OK,Private,West
Oklahoma Baptist University,OK,Private,West
Oklahoma City University,OK,Private,West
Oral Roberts University,OK,Private,West
Southwestern Christian University,OK,Private,West
University of Tulsa,OK,Private,West
Concordia University-Portland,OR,Private,West
New Hope Christian College-Eugene,OR,Private,West
George Fox University,OR,Private,West
Lewis & Clark College,OR,Private,West
Linfield College-McMinnville Campus,OR,Private,West
Mount Angel Seminary,OR,Private,West
Multnomah University,OR,Private,West
Northwest Christian University,OR,Private,West
Pacific Northwest College of Art,OR,Private,West
Pacific University,OR,Private,West
University of Portland,OR,Private,West
Reed College,OR,Private,West
Warner Pacific University,OR,Private,West
Corban University,OR,Private,West
Willamette University,OR,Private,West
University of Western States,OR,Private,West
Bryn Athyn College of the New Church,PA,Private,Northeast
Albright College,PA,Private,Northeast
Allegheny College,PA,Private,Northeast
DeSales University,PA,Private,Northeast
Alvernia University,PA,Private,Northeast
Clarks Summit University,PA,Private,Northeast
Arcadia University,PA,Private,Northeast
Bryn Mawr College,PA,Private,Northeast
Bucknell University,PA,Private,Northeast
Cabrini University,PA,Private,Northeast
Carlow University,PA,Private,Northeast
Carnegie Mellon University,PA,Private,Northeast
Cedar Crest College,PA,Private,Northeast
Chatham University,PA,Private,Northeast
Chestnut Hill College,PA,Private,Northeast
Curtis Institute of Music,PA,Private,Northeast
Delaware Valley University,PA,Private,Northeast
Dickinson College,PA,Private,Northeast
Drexel University,PA,Private,Northeast
Duquesne University,PA,Private,Northeast
Eastern University,PA,Private,Northeast
Elizabethtown College,PA,Private,Northeast
Faith Theological Seminary,MD,Private,Northeast
Franklin and Marshall College,PA,Private,Northeast
Gannon University,PA,Private,Northeast
Geneva College,PA,Private,Northeast
Gettysburg College,PA,Private,Northeast
Gratz College,PA,Private,Northeast
Grove City College,PA,Private,Northeast
Gwynedd Mercy University,PA,Private,Northeast
Haverford College,PA,Private,Northeast
Holy Family University,PA,Private,Northeast
Immaculata University,PA,Private,Northeast
Juniata College,PA,Private,Northeast
Keystone College,PA,Private,Northeast
King's College,PA,Private,Northeast
La Roche University,PA,Private,Northeast
La Salle University,PA,Private,Northeast
Lafayette College,PA,Private,Northeast
Lancaster Bible College,PA,Private,Northeast
Lebanon Valley College,PA,Private,Northeast
Lehigh University,PA,Private,Northeast
Lycoming College,PA,Private,Northeast
Marywood University,PA,Private,Northeast
Mercyhurst University,PA,Private,Northeast
Messiah College,PA,Private,Northeast
Misericordia University,PA,Private,Northeast
Moore College of Art and Design,PA,Private,Northeast
Moravian College,PA,Private,Northeast
Mount Aloysius College,PA,Private,Northeast
Muhlenberg College,PA,Private,Northeast
Neumann University,PA,Private,Northeast
Peirce College,PA,Private,Northeast
Pennsylvania Academy of the Fine Arts,PA,Private,Northeast
Pennsylvania College of Art and Design,PA,Private,Northeast
University of Pennsylvania,PA,Private,Northeast
Jefferson (Philadelphia University + Thomas Jefferson University),PA,Private,Northeast
The University of the Arts,PA,Private,Northeast
Cairn University-Langhorne,PA,Private,Northeast
University of the Sciences,PA,Private,Northeast
Point Park University,PA,Private,Northeast
Robert Morris University,PA,Private,Northeast
Rosemont College,PA,Private,Northeast
Saint Francis University,PA,Private,Northeast
Saint Joseph's University,PA,Private,Northeast
Saint Vincent College,PA,Private,Northeast
University of Scranton,PA,Private,Northeast
Seton Hill University,PA,Private,Northeast
Susquehanna University,PA,Private,Northeast
Swarthmore College,PA,Private,Northeast
Talmudical Yeshiva of Philadelphia,PA,Private,Northeast
Thiel College,PA,Private,Northeast
Thomas Jefferson University,PA,Private,Northeast
Ursinus College,PA,Private,Northeast
University of Valley Forge,PA,Private,Northeast
Villanova University,PA,Private,Northeast
Washington & Jefferson College,PA,Private,Northeast
Waynesburg University,PA,Private,Northeast
Westminster College,PA,Private,Northeast
Widener University,PA,Private,Northeast
Wilkes University,PA,Private,Northeast
Wilson College,PA,Private,Northeast
Yeshivath Beth Moshe,PA,Private,Northeast
York College of Pennsylvania,PA,Private,Northeast
Brown University,RI,Private,Northeast
Bryant University,RI,Private,Northeast
Johnson & Wales University-Providence,RI,Private,Northeast
Providence College,RI,Private,Northeast
Rhode Island School of Design,RI,Private,Northeast
Roger Williams University,RI,Private,Northeast
Salve Regina University,RI,Private,Northeast
Northpoint Bible College,MA,Private,Northeast
Allen University,SC,Private,Southeast
Anderson University,SC,Private,Southeast
Charleston Southern University,SC,Private,Southeast
Benedict College,SC,Private,Southeast
Southern Wesleyan University,SC,Private,Southeast
Claflin University,SC,Private,Southeast
Coker College,SC,Private,Southeast
Columbia International University,SC,Private,Southeast
Columbia College,SC,Private,Southeast
Converse College,SC,Private,Southeast
Erskine College,SC,Private,Southeast
Furman,SC,Private,Southeast
Limestone College,SC,Private,Southeast
Morris College,SC,Private,Southeast
Newberry College,SC,Private,Southeast
North Greenville University,SC,Private,Southeast
Presbyterian College,SC,Private,Southeast
Voorhees College,SC,Private,Southeast
Wofford College,SC,Private,Southeast
Augustana University,SD,Private,Midwest
Dakota Wesleyan University,SD,Private,Midwest
Mount Marty College,SD,Private,Midwest
Presentation College,SD,Private,Midwest
University of Sioux Falls,SD,Private,Midwest
American Baptist College,TN,Private,Southeast
Baptist Memorial College of Health Sciences,TN,Private,Southeast
Belmont University,TN,Private,Southeast
Bethel University,TN,Private,Southeast
Bryan College-Dayton,TN,Private,Southeast
Carson-Newman University,TN,Private,Southeast
Christian Brothers University,TN,Private,Southeast
Cumberland University,TN,Private,Southeast
Lipscomb University,TN,Private,Southeast
Fisk University,TN,Private,Southeast
Welch College,TN,Private,Southeast
Freed-Hardeman University,TN,Private,Southeast
Johnson University,TN,Private,Southeast
King University,TN,Private,Southeast
Lane College,TN,Private,Southeast
Le Moyne-Owen College,TN,Private,Southeast
Lee University,TN,Private,Southeast
Lincoln Memorial University,TN,Private,Southeast
Martin Methodist College,TN,Private,Southeast
Maryville College,TN,Private,Southeast
Memphis College of Art,TN,Private,Southeast
Rhodes College,TN,Private,Southeast
The University of the South,TN,Private,Southeast
Southern Adventist University,TN,Private,Southeast
Tennessee Wesleyan University,TN,Private,Southeast
Trevecca Nazarene University,TN,Private,Southeast
Tusculum University,TN,Private,Southeast
Union University,TN,Private,Southeast
Vanderbilt University,TN,Private,Southeast
Abilene Christian University,TX,Private,West
Amberton University,TX,Private,West
Arlington Baptist University,TX,Private,West
Austin College,TX,Private,West
Baptist Missionary Association Theological Seminary,TX,Private,West
Baylor University,TX,Private,West
Concordia University Texas,TX,Private,West
Dallas Baptist University,TX,Private,West
Dallas Christian College,TX,Private,West
University of Dallas,TX,Private,West
East Texas Baptist University,TX,Private,West
Hardin-Simmons University,TX,Private,West
Houston Baptist University,TX,Private,West
Howard Payne University,TX,Private,West
Huston-Tillotson University,TX,Private,West
University of the Incarnate Word,TX,Private,West
Jarvis Christian College,TX,Private,West
LeTourneau University,TX,Private,West
Lubbock Christian University,TX,Private,West
University of Mary Hardin-Baylor,TX,Private,West
McMurry University,TX,Private,West
Our Lady of the Lake University,TX,Private,West
Paul Quinn College,TX,Private,West
Rice University,TX,Private,West
Saint Edward's University,TX,Private,West
University of St Thomas,TX,Private,West
Schreiner University,TX,Private,West
St. Mary's University,TX,Private,West
Southern Methodist University,TX,Private,West
Southwestern Assemblies of God University,TX,Private,West
Southwestern University,TX,Private,West
Southwestern Adventist University,TX,Private,West
Texas Christian University,TX,Private,West
Texas College,TX,Private,West
Texas Lutheran University,TX,Private,West
Texas Wesleyan University,TX,Private,West
Trinity University,TX,Private,West
Wayland Baptist University,TX,Private,West
Wiley College,TX,Private,West
Brigham Young University-Provo,UT,Private,West
Brigham Young University-Hawaii,HI,Private,West
Stevens-Henager College,UT,Private,West
Westminster College,UT,Private,West
Bennington College,VT,Private,Northeast
Champlain College,VT,Private,Northeast
Goddard College,VT,Private,Northeast
Marlboro College,VT,Private,Northeast
Middlebury College,VT,Private,Northeast
Norwich University,VT,Private,Northeast
Saint Michael's College,VT,Private,Northeast
Sterling College,VT,Private,Northeast
Averett University,VA,Private,Southeast
Bluefield College,VA,Private,Southeast
Bridgewater College,VA,Private,Southeast
Regent University,VA,Private,Southeast
Jefferson College of Health Sciences,VA,Private,Southeast
Emory & Henry College,VA,Private,Southeast
Eastern Mennonite University,VA,Private,Southeast
Ferrum College,VA,Private,Southeast
Hampden-Sydney College,VA,Private,Southeast
Hampton University,VA,Private,Southeast
Hollins University,VA,Private,Southeast
Liberty University,VA,Private,Southeast
University of Lynchburg,VA,Private,Southeast
Mary Baldwin University,VA,Private,Southeast
Marymount University,VA,Private,Southeast
Sentara College of Health Sciences,VA,Private,Southeast
Randolph-Macon College,VA,Private,Southeast
Randolph College,VA,Private,Southeast
Bon Secours Memorial College of Nursing,VA,Private,Southeast
University of Richmond,VA,Private,Southeast
Roanoke College,VA,Private,Southeast
Shenandoah University,VA,Private,Southeast
Southern Virginia University,VA,Private,Southeast
Sweet Briar College,VA,Private,Southeast
Virginia Union University,VA,Private,Southeast
Virginia Wesleyan University,VA,Private,Southeast
Washington and Lee University,VA,Private,Southeast
City University of Seattle,WA,Private,West
Cornish College of the Arts,WA,Private,West
Gonzaga University,WA,Private,West
Heritage University,WA,Private,West
Bastyr University,WA,Private,West
Northwest University,WA,Private,West
Pacific Lutheran University,WA,Private,West
University of Puget Sound,WA,Private,West
Saint Martin's University,WA,Private,West
Seattle Pacific University,WA,Private,West
Seattle University,WA,Private,West
Walla Walla University,WA,Private,West
Whitman College,WA,Private,West
Whitworth University,WA,Private,West
Alderson Broaddus University,WV,Private,Southeast
Appalachian Bible College,WV,Private,Southeast
Bethany College,WV,Private,Southeast
University of Charleston,WV,Private,Southeast
Davis & Elkins College,WV,Private,Southeast
Ohio Valley University,WV,Private,Southeast
West Virginia Wesleyan College,WV,Private,Southeast
Wheeling Jesuit University,WV,Private,Southeast
Alverno College,WI,Private,Midwest
Bellin College,WI,Private,Midwest
Beloit College,WI,Private,Midwest
Cardinal Stritch University,WI,Private,Midwest
Carroll University,WI,Private,Midwest
Carthage College,WI,Private,Midwest
Columbia College of Nursing,WI,Private,Midwest
Concordia University-Wisconsin,WI,Private,Midwest
Edgewood College,WI,Private,Midwest
Lakeland University,WI,Private,Midwest
Lawrence University,WI,Private,Midwest
Maranatha Baptist University,WI,Private,Midwest
Marian University,WI,Private,Midwest
Marquette University,WI,Private,Midwest
Milwaukee Institute of Art & Design,WI,Private,Midwest
Milwaukee School of Engineering,WI,Private,Midwest
Mount Mary University,WI,Private,Midwest
Northland College,WI,Private,Midwest
Ripon College,WI,Private,Midwest
Saint Norbert College,WI,Private,Midwest
Silver Lake College of the Holy Family,WI,Private,Midwest
Viterbo University,WI,Private,Midwest
Wisconsin Lutheran College,WI,Private,Midwest
American University of Puerto Rico,PR,Private,Territory
American University of Puerto Rico,PR,Private,Territory
Universidad Adventista de las Antillas,PR,Private,Territory
Atlantic University College,PR,Private,Territory
Universidad Central de Bayamon,PR,Private,Territory
Carlos Albizu University-San Juan,PR,Private,Territory
Caribbean University-Bayamon,PR,Private,Territory
Caribbean University-Carolina,PR,Private,Territory
Pontifical Catholic University of Puerto Rico-Arecibo,PR,Private,Territory
Pontifical Catholic University of Puerto Rico-Ponce,PR,Private,Territory
Universidad Teologica del Caribe,PR,Private,Territory
Universidad Ana G. Mendez-Cupey Campus,PR,Private,Territory
Inter American University of Puerto Rico-San German,PR,Private,Territory
Inter American University of Puerto Rico-Aguadilla,PR,Private,Territory
Inter American University of Puerto Rico-Arecibo,PR,Private,Territory
Inter American University of Puerto Rico-Barranquitas,PR,Private,Territory
Inter American University of Puerto Rico-Metro,PR,Private,Territory
Inter American University of Puerto Rico-Ponce,PR,Private,Territory
Inter American University of Puerto Rico-Fajardo,PR,Private,Territory
Inter American University of Puerto Rico-Guayama,PR,Private,Territory
Inter American University of Puerto Rico-Bayamon,PR,Private,Territory
Universidad Ana G. Mendez-Carolina Campus,PR,Private,Territory
Universidad del Sagrado Corazon,PR,Private,Territory
Universidad Politecnica de Puerto Rico,PR,Private,Territory
Pontifical Catholic University of Puerto Rico-Mayaguez,PR,Private,Territory
Universidad Ana G. Mendez-Gurabo Campus,PR,Private,Territory
Stanford University,CA,Private,West
Parker University,TX,Private,West
St. John's College,NM,Private,West
Bais Medrash Elyon,NY,Private,Northeast
Antioch University-Los Angeles,CA,Private,West
Antioch University-Santa Barbara,CA,Private,West
Antioch University-Seattle,WA,Private,West
Antioch University-Midwest,OH,Private,Midwest
Mid-America Christian University,OK,Private,West
Yeshiva Gedolah of Greater Detroit,MI,Private,Midwest
Austin Graduate School of Theology,TX,Private,West
Brandman University,CA,Private,West
Yeshivah Gedolah Rabbinical College,FL,Private,Southeast
Caribbean University-Ponce,PR,Private,Territory
Caribbean University-Vega Baja,PR,Private,Territory
Hodges University,FL,Private,Southeast
Yeshiva Gedolah Imrei Yosef D'spinka,NY,Private,Northeast
Beacon College,FL,Private,Southeast
Rabbi Jacob Joseph School,NJ,Private,Northeast
Everglades University,FL,Private,Southeast
College of Biblical Studies-Houston,TX,Private,West
Watkins College of Art Design & Film,TN,Private,Southeast
Soka University of America,CA,Private,West
World Mission University,CA,Private,West
Rabbinical College of Ohr Shimon Yisroel,NY,Private,Northeast
Johnson & Wales University-North Miami,FL,Private,Southeast
Trine University-Regional/Non-Traditional Campuses,IN,Private,Midwest
Messenger College,TX,Private,West
Yeshiva D'monsey Rabbinical College,NY,Private,Northeast
Embry-Riddle Aeronautical University-Worldwide,FL,Private,Southeast
Ottawa University-Milwaukee,WI,Private,Midwest
San Juan Bautista School of Medicine,PR,Private,Territory
New Hampshire Institute of Art,NH,Private,Northeast
Western Governors University,UT,Private,West
Yeshiva College of the Nations Capital,MD,Private,Northeast
International Baptist College and Seminary,AZ,Private,West
Linfield College-School of Nursing,OR,Private,West
Linfield College-Online and Continuing Education,OR,Private,West
Atlantic Institute of Oriental Medicine,FL,Private,Southeast
Crossroads Bible College,IN,Private,Midwest
The King's University,TX,Private,West
Pacific Islands University,GU,Private,Territory
New Saint Andrews College,ID,Private,West
Marlboro College Graduate & Professional Studies,VT,Private,Northeast
Pillar College,NJ,Private,Northeast
Apex School of Theology,NC,Private,Southeast
Yeshiva Shaarei Torah of Rockland,NY,Private,Northeast
Universidad Pentecostal Mizpa,PR,Private,Territory
Franklin W Olin College of Engineering,MA,Private,Northeast
Birthingway College of Midwifery,OR,Private,West
Faith International University,WA,Private,West
Family of Faith Christian University,OK,Private,West
Williamson Christian College,TN,Private,Southeast
Dewey University-Hato Rey,PR,Private,Territory
Baptist University of the Americas,TX,Private,West
Beis Medrash Heichal Dovid,NY,Private,Northeast
Charlotte Christian College and Theological Seminary,NC,Private,Southeast
Flagler College-Tallahassee,FL,Private,Southeast
Central Methodist University-College of Graduate and Extended Studies,MO,Private,Midwest
Roseman University of Health Sciences,NV,Private,West
Ave Maria University,FL,Private,Southeast
Ecclesia College,AR,Private,Southeast
Maple Springs Baptist Bible College and Seminary,MD,Private,Northeast
Uta Mesivta of Kiryas Joel,NY,Private,Northeast
Harrisburg University of Science and Technology,PA,Private,Northeast
SUM Bible College and Theological Seminary,CA,Private,West
Doane University-Graduate and Professional Studies,NE,Private,Midwest
Bais Medrash Toras Chesed,NJ,Private,Northeast
Visible Music College,TN,Private,Southeast
University of the West,CA,Private,West
Averett University-Non-Traditional Programs,VA,Private,Southeast
LIU Riverhead,NY,Private,Northeast
Yeshivas Be'er Yitzchok,NJ,Private,Northeast
Yeshiva Toras Chaim,NJ,Private,Northeast
Talmudical Seminary of Bobov,NY,Private,Northeast
The King's College,NY,Private,Northeast
Ottawa University-Online,KS,Private,Midwest
Yeshiva of Machzikai Hadas,NY,Private,Northeast
The Chicago School of Professional Psychology at Los Angeles,CA,Private,West
Providence Christian College,CA,Private,West
Polytechnic University of Puerto Rico-Miami,FL,Private,Southeast
Polytechnic University of Puerto Rico-Orlando,FL,Private,Southeast
Horizon University,IN,Private,Midwest
Pacific Rim Christian University,HI,Private,West
City Vision University,MO,Private,Midwest
Bethel College,VA,Private,Southeast
Compass College of Cinematic Arts,MI,Private,Midwest
Touro University Worldwide,CA,Private,West
Touro University Nevada,NV,Private,West
Herzing University-Kenosha,WI,Private,Midwest
Herzing University-Brookfield,WI,Private,Midwest
Johnson & Wales University-Online,RI,Private,Northeast
Virginia International University,VA,Private,Southeast
Remington College-Heathrow Campus,FL,Private,Southeast
Carolina College of Biblical Studies,NC,Private,Southeast
North American University,TX,Private,West
John Paul the Great Catholic University,CA,Private,West
Los Angeles Pacific University,CA,Private,West
Whitworth University-Adult Degree Programs,WA,Private,West
Springfield College-School of Professional and Continuing Studies,MA,Private,Northeast
Catholic Distance University,WV,Private,Southeast
Criswell College,TX,Private,West
Bais HaMedrash and Mesivta of Baltimore,MD,Private,Northeast
Yeshiva Gedolah Zichron Leyma,NJ,Private,Northeast
Be'er Yaakov Talmudic Seminary,NY,Private,Northeast
Elizabethtown College School of Continuing and Professional Studies,PA,Private,Northeast
Warner Pacific University Professional and Graduate Studies,OR,Private,West
Florida Institute of Technology-Online,FL,Private,Southeast
Grace Mission University,CA,Private,West
Mid-South Christian College,TN,Private,Southeast
Grace School of Theology,TX,Private,West
Yeshiva Yesodei Hatorah,NJ,Private,Northeast
Veritas Baptist College,IN,Private,Midwest
Northeastern University Lifelong Learning Network,MA,Private,Northeast
Antioch College,OH,Private,Midwest
Rabbinical College Ohr Yisroel,NY,Private,Northeast
Bet Medrash Gadol Ateret Torah,NY,Private,Northeast
Yeshiva Gedola Ohr Yisrael,NY,Private,Northeast
California Jazz Conservatory,CA,Private,West
Milligan College,TN,Private,Southeast
Husson University,ME,Private,Northeast
Northwest University-College of Adult and Professional Studies,WA,Private,West
Yeshiva Zichron Aryeh,NY,Private,Northeast
Central Yeshiva Beth Joseph,NY,Private,Northeast
Yeshivas Maharit D'Satmar,NY,Private,Northeast
Beth Medrash of Asbury Park,NJ,Private,Northeast
Yeshiva Gedolah Shaarei Shmuel,NJ,Private,Northeast
Indiana Wesleyan University-National & Global,IN,Private,Midwest
Piedmont International University,NC,Private,Southeast
Presbyterian Theological Seminary in America,CA,Private,West
America Evangelical University,CA,Private,West
Reformed University,GA,Private,Southeast
Yeshiva Bais Aharon,NJ,Private,Northeast
Mechon L'hoyroa,NY,Private,Northeast
Bais Medrash Mayan Hatorah,NJ,Private,Northeast
East-West University,WI,Private,Midwest
Yeshiva Kollel Tifereth Elizer,NY,Private,Northeast
Alabama A & M University,AL,Public,Southeast
University of Alabama at Birmingham,AL,Public,Southeast
University of Alabama in Huntsville,AL,Public,Southeast
Alabama State University,AL,Public,Southeast
The University of Alabama,AL,Public,Southeast
Athens State University,AL,Public,Southeast
Auburn University at Montgomery,AL,Public,Southeast
Auburn University,AL,Public,Southeast
Jacksonville State University,AL,Public,Southeast
University of West Alabama,AL,Public,Southeast
University of Montevallo,AL,Public,Southeast
University of North Alabama,AL,Public,Southeast
University of South Alabama,AL,Public,Southeast
Troy University,AL,Public,Southeast
University of Alaska Anchorage,AK,Public,West
University of Alaska Fairbanks,AK,Public,West
University of Alaska Southeast,AK,Public,West
Arizona State University-Tempe,AZ,Public,West
University of Arizona,AZ,Public,West
Northern Arizona University,AZ,Public,West
University of Arkansas at Little Rock,AR,Public,Southeast
University of Arkansas for Medical Sciences,AR,Public,Southeast
University of Arkansas,AR,Public,Southeast
University of Arkansas at Pine Bluff,AR,Public,Southeast
Arkansas State University-Main Campus,AR,Public,Southeast
Arkansas Tech University,AR,Public,Southeast
University of Central Arkansas,AR,Public,Southeast
Henderson State University,AR,Public,Southeast
Southern Arkansas University Main Campus,AR,Public,Southeast
University of Arkansas-Fort Smith,AR,Public,Southeast
California Polytechnic State University-San Luis Obispo,CA,Public,West
California State University-Bakersfield,CA,Public,West
California State University-Stanislaus,CA,Public,West
California State University-San Bernardino,CA,Public,West
California State Polytechnic University-Pomona,CA,Public,West
California State University-Chico,CA,Public,West
California State University-Dominguez Hills,CA,Public,West
California State University-Fresno,CA,Public,West
California State University-Fullerton,CA,Public,West
California State University-East Bay,CA,Public,West
California State University-Long Beach,CA,Public,West
California State University-Los Angeles,CA,Public,West
California State University-Northridge,CA,Public,West
California State University-Sacramento,CA,Public,West
University of California-Berkeley,CA,Public,West
University of California-Davis,CA,Public,West
University of California-Irvine,CA,Public,West
University of California-Los Angeles,CA,Public,West
University of California-Riverside,CA,Public,West
University of California-San Diego,CA,Public,West
University of California-Santa Barbara,CA,Public,West
University of California-Santa Cruz,CA,Public,West
California State University Maritime Academy,CA,Public,West
Humboldt State University,CA,Public,West
San Diego State University,CA,Public,West
San Francisco State University,CA,Public,West
San Jose State University,CA,Public,West
Sonoma State University,CA,Public,West
Adams State University,CO,Public,West
University of Colorado Denver/Anschutz Medical Campus,CO,Public,West
University of Colorado Colorado Springs,CO,Public,West
University of Colorado Boulder,CO,Public,West
Colorado School of Mines,CO,Public,West
Colorado State University-Fort Collins,CO,Public,West
Fort Lewis College,CO,Public,West
Colorado Mesa University,CO,Public,West
Metropolitan State University of Denver,CO,Public,West
University of Northern Colorado,CO,Public,West
Colorado State University-Pueblo,CO,Public,West
United States Air Force Academy,CO,Public,West
Western State Colorado University,CO,Public,West
Central Connecticut State University,CT,Public,Northeast
Charter Oak State College,CT,Public,Northeast
University of Connecticut,CT,Public,Northeast
Eastern Connecticut State University,CT,Public,Northeast
Southern Connecticut State University,CT,Public,Northeast
United States Coast Guard Academy,CT,Public,Northeast
Western Connecticut State University,CT,Public,Northeast
Delaware State University,DE,Public,Northeast
University of Delaware,DE,Public,Northeast
University of the District of Columbia,DC,Public,Northeast
University of Central Florida,FL,Public,Southeast
Florida Agricultural and Mechanical University,FL,Public,Southeast
Florida Atlantic University,FL,Public,Southeast
Florida International University,FL,Public,Southeast
Florida State University,FL,Public,Southeast
University of Florida,FL,Public,Southeast
University of North Florida,FL,Public,Southeast
University of South Florida-Main Campus,FL,Public,Southeast
The University of West Florida,FL,Public,Southeast
Armstrong State University,GA,Public,Southeast
Clayton  State University,GA,Public,Southeast
Columbus State University,GA,Public,Southeast
Dalton State College,GA,Public,Southeast
Fort Valley State University,GA,Public,Southeast
Georgia Institute of Technology-Main Campus,GA,Public,Southeast
Georgia Southwestern State University,GA,Public,Southeast
Georgia College & State University,GA,Public,Southeast
Georgia Southern University,GA,Public,Southeast
Georgia State University,GA,Public,Southeast
University of Georgia,GA,Public,Southeast
Savannah State University,GA,Public,Southeast
Valdosta State University,GA,Public,Southeast
University of West Georgia,GA,Public,Southeast
University of Hawaii at Hilo,HI,Public,West
University of Hawaii at Manoa,HI,Public,West
University of Hawaii-West Oahu,HI,Public,West
Boise State University,ID,Public,West
Idaho State University,ID,Public,West
University of Idaho,ID,Public,West
Lewis-Clark State College,ID,Public,West
Chicago State University,IL,Public,Midwest
Eastern Illinois University,IL,Public,Midwest
Governors State University,IL,Public,Midwest
University of Illinois at Chicago,IL,Public,Midwest
University of Illinois at Urbana-Champaign,IL,Public,Midwest
Illinois State University,IL,Public,Midwest
Northern Illinois University,IL,Public,Midwest
Northeastern Illinois University,IL,Public,Midwest
University of Illinois at Springfield,IL,Public,Midwest
Southern Illinois University-Carbondale,IL,Public,Midwest
Southern Illinois University-Edwardsville,IL,Public,Midwest
Western Illinois University,IL,Public,Midwest
Ball State University,IN,Public,Midwest
Purdue University Fort Wayne,IN,Public,Midwest
Indiana University-Purdue University-Indianapolis,IN,Public,Midwest
University of Southern Indiana,IN,Public,Midwest
Indiana State University,IN,Public,Midwest
Indiana University-Kokomo,IN,Public,Midwest
Indiana University-South Bend,IN,Public,Midwest
Indiana University-Bloomington,IN,Public,Midwest
Indiana University-Northwest,IN,Public,Midwest
Indiana University-Southeast,IN,Public,Midwest
Indiana University-East,IN,Public,Midwest
Iowa State University,IA,Public,Midwest
University of Iowa,IA,Public,Midwest
University of Northern Iowa,IA,Public,Midwest
Emporia State University,KS,Public,Midwest
Fort Hays State University,KS,Public,Midwest
Haskell Indian Nations University,KS,Public,Midwest
University of Kansas,KS,Public,Midwest
Kansas State University,KS,Public,Midwest
Pittsburg State University,KS,Public,Midwest
Washburn University,KS,Public,Midwest
Wichita State University,KS,Public,Midwest
Eastern Kentucky University,KY,Public,Southeast
Kentucky State University,KY,Public,Southeast
University of Kentucky,KY,Public,Southeast
University of Louisville,KY,Public,Southeast
Morehead State University,KY,Public,Southeast
Murray State University,KY,Public,Southeast
Northern Kentucky University,KY,Public,Southeast
Western Kentucky University,KY,Public,Southeast
Grambling State University,LA,Public,Southeast
Louisiana State University Health Sciences Center-New Orleans,LA,Public,Southeast
Louisiana State University-Alexandria,LA,Public,Southeast
Louisiana State University and Agricultural & Mechanical College,LA,Public,Southeast
Louisiana State University-Shreveport,LA,Public,Southeast
Louisiana Tech University,LA,Public,Southeast
McNeese State University,LA,Public,Southeast
University of New Orleans,LA,Public,Southeast
Nicholls State University,LA,Public,Southeast
University of Louisiana at Monroe,LA,Public,Southeast
Northwestern State University of Louisiana,LA,Public,Southeast
Southeastern Louisiana University,LA,Public,Southeast
Southern University and A & M College,LA,Public,Southeast
Southern University at New Orleans,LA,Public,Southeast
University of Louisiana at Lafayette,LA,Public,Southeast
University of Maine at Augusta,ME,Public,Northeast
University of Maine at Farmington,ME,Public,Northeast
University of Maine at Fort Kent,ME,Public,Northeast
University of Maine at Machias,ME,Public,Northeast
University of Maine,ME,Public,Northeast
Maine Maritime Academy,ME,Public,Northeast
University of Maine at Presque Isle,ME,Public,Northeast
University of Southern Maine,ME,Public,Northeast
University of Baltimore,MD,Public,Northeast
Bowie State University,MD,Public,Northeast
Coppin State University,MD,Public,Northeast
Frostburg State University,MD,Public,Northeast
University of Maryland-University College,MD,Public,Northeast
University of Maryland Baltimore,MD,Public,Northeast
University of Maryland-Baltimore County,MD,Public,Northeast
University of Maryland-College Park,MD,Public,Northeast
University of Maryland Eastern Shore,MD,Public,Northeast
Morgan State University,MD,Public,Northeast
Salisbury University,MD,Public,Northeast
St. Mary's College of Maryland,MD,Public,Northeast
Towson University,MD,Public,Northeast
United States Naval Academy,MD,Public,Northeast
Bridgewater State University,MA,Public,Northeast
Fitchburg State University,MA,Public,Northeast
Framingham State University,MA,Public,Northeast
University of Massachusetts-Lowell,MA,Public,Northeast
University of Massachusetts-Amherst,MA,Public,Northeast
University of Massachusetts-Boston,MA,Public,Northeast
Massachusetts College of Art and Design,MA,Public,Northeast
Massachusetts Maritime Academy,MA,Public,Northeast
Massachusetts College of Liberal Arts,MA,Public,Northeast
Salem State University,MA,Public,Northeast
University of Massachusetts-Dartmouth,MA,Public,Northeast
Westfield State University,MA,Public,Northeast
Worcester State University,MA,Public,Northeast
Central Michigan University,MI,Public,Midwest
Eastern Michigan University,MI,Public,Midwest
Ferris State University,MI,Public,Midwest
Grand Valley State University,MI,Public,Midwest
Lake Superior State University,MI,Public,Midwest
University of Michigan-Ann Arbor,MI,Public,Midwest
Michigan State University,MI,Public,Midwest
Michigan Technological University,MI,Public,Midwest
University of Michigan-Dearborn,MI,Public,Midwest
University of Michigan-Flint,MI,Public,Midwest
Northern Michigan University,MI,Public,Midwest
Oakland University,MI,Public,Midwest
Saginaw Valley State University,MI,Public,Midwest
Wayne State University,MI,Public,Midwest
Western Michigan University,MI,Public,Midwest
Bemidji State University,MN,Public,Midwest
Minnesota State University-Mankato,MN,Public,Midwest
Metropolitan State University,MN,Public,Midwest
University of Minnesota-Twin Cities,MN,Public,Midwest
University of Minnesota-Crookston,MN,Public,Midwest
University of Minnesota-Duluth,MN,Public,Midwest
University of Minnesota-Morris,MN,Public,Midwest
Minnesota State University Moorhead,MN,Public,Midwest
Saint Cloud State University,MN,Public,Midwest
Southwest Minnesota State University,MN,Public,Midwest
Winona State University,MN,Public,Midwest
Alcorn State University,MS,Public,Southeast
Delta State University,MS,Public,Southeast
Jackson State University,MS,Public,Southeast
University of Mississippi,MS,Public,Southeast
Mississippi University for Women,MS,Public,Southeast
Mississippi Valley State University,MS,Public,Southeast
Mississippi State University,MS,Public,Southeast
University of Southern Mississippi,MS,Public,Southeast
University of Central Missouri,MO,Public,Midwest
Harris-Stowe State University,MO,Public,Midwest
Lincoln University,MO,Public,Midwest
Missouri Southern State University,MO,Public,Midwest
Missouri Western State University,MO,Public,Midwest
University of Missouri-Columbia,MO,Public,Midwest
University of Missouri-Kansas City,MO,Public,Midwest
Missouri University of Science and Technology,MO,Public,Midwest
University of Missouri-St Louis,MO,Public,Midwest
Truman State University,MO,Public,Midwest
Northwest Missouri State University,MO,Public,Midwest
Southeast Missouri State University,MO,Public,Midwest
Missouri State University-Springfield,MO,Public,Midwest
Montana State University Billings,MT,Public,West
Montana Technological University,MT,Public,West
Montana State University,MT,Public,West
The University of Montana,MT,Public,West
Montana State University-Northern,MT,Public,West
The University of Montana-Western,MT,Public,West
Chadron State College,NE,Public,Midwest
University of Nebraska at Kearney,NE,Public,Midwest
University of Nebraska at Omaha,NE,Public,Midwest
University of Nebraska Medical Center,NE,Public,Midwest
University of Nebraska-Lincoln,NE,Public,Midwest
Peru State College,NE,Public,Midwest
Wayne State College,NE,Public,Midwest
University of Nevada-Las Vegas,NV,Public,West
University of Nevada-Reno,NV,Public,West
University of New Hampshire-Main Campus,NH,Public,Northeast
Keene State College,NH,Public,Northeast
University of New Hampshire at Manchester,NH,Public,Northeast
Plymouth State University,NH,Public,Northeast
Granite State College,NH,Public,Northeast
Rowan University,NJ,Public,Northeast
New Jersey City University,NJ,Public,Northeast
Kean University,NJ,Public,Northeast
Montclair State University,NJ,Public,Northeast
New Jersey Institute of Technology,NJ,Public,Northeast
Ramapo College of New Jersey,NJ,Public,Northeast
Rutgers University-Camden,NJ,Public,Northeast
Rutgers University-New Brunswick,NJ,Public,Northeast
Rutgers University-Newark,NJ,Public,Northeast
Stockton University,NJ,Public,Northeast
Thomas Edison State University,NJ,Public,Northeast
The College of New Jersey,NJ,Public,Northeast
William Paterson University of New Jersey,NJ,Public,Northeast
Eastern New Mexico University-Main Campus,NM,Public,West
Institute of American Indian and Alaska Native Culture and Arts Development,NM,Public,West
New Mexico Highlands University,NM,Public,West
New Mexico Institute of Mining and Technology,NM,Public,West
University of New Mexico-Main Campus,NM,Public,West
New Mexico State University-Main Campus,NM,Public,West
Western New Mexico University,NM,Public,West
CUNY Bernard M Baruch College,NY,Public,Northeast
CUNY Brooklyn College,NY,Public,Northeast
College of Staten Island CUNY,NY,Public,Northeast
CUNY City College,NY,Public,Northeast
CUNY Graduate School and University Center,NY,Public,Northeast
CUNY Hunter College,NY,Public,Northeast
CUNY John Jay College of Criminal Justice,NY,Public,Northeast
CUNY Lehman College,NY,Public,Northeast
CUNY Queens College,NY,Public,Northeast
CUNY York College,NY,Public,Northeast
SUNY College of Technology at Canton,NY,Public,Northeast
SUNY College of Agriculture and Technology at Cobleskill,NY,Public,Northeast
Farmingdale State College,NY,Public,Northeast
SUNY at Albany,NY,Public,Northeast
Binghamton University,NY,Public,Northeast
University at Buffalo,NY,Public,Northeast
Stony Brook University,NY,Public,Northeast
SUNY College of Environmental Science and Forestry,NY,Public,Northeast
SUNY Polytechnic Institute,NY,Public,Northeast
SUNY College at Brockport,NY,Public,Northeast
SUNY Buffalo State,NY,Public,Northeast
SUNY Cortland,NY,Public,Northeast
SUNY at Fredonia,NY,Public,Northeast
SUNY College at Geneseo,NY,Public,Northeast
State University of New York at New Paltz,NY,Public,Northeast
SUNY Oneonta,NY,Public,Northeast
SUNY College at Oswego,NY,Public,Northeast
SUNY College at Potsdam,NY,Public,Northeast
SUNY at Purchase College,NY,Public,Northeast
SUNY College at Old Westbury,NY,Public,Northeast
SUNY College at Plattsburgh,NY,Public,Northeast
SUNY Downstate Medical Center,NY,Public,Northeast
SUNY Empire State College,NY,Public,Northeast
SUNY Maritime College,NY,Public,Northeast
Upstate Medical University,NY,Public,Northeast
United States Merchant Marine Academy,NY,Public,Northeast
United States Military Academy,NY,Public,Northeast
Appalachian State University,NC,Public,Southeast
East Carolina University,NC,Public,Southeast
Elizabeth City State University,NC,Public,Southeast
Fayetteville State University,NC,Public,Southeast
North Carolina A & T State University,NC,Public,Southeast
University of North Carolina at Asheville,NC,Public,Southeast
University of North Carolina at Chapel Hill,NC,Public,Southeast
University of North Carolina at Charlotte,NC,Public,Southeast
University of North Carolina at Greensboro,NC,Public,Southeast
North Carolina Central University,NC,Public,Southeast
University of North Carolina School of the Arts,NC,Public,Southeast
North Carolina State University at Raleigh,NC,Public,Southeast
University of North Carolina Wilmington,NC,Public,Southeast
University of North Carolina at Pembroke,NC,Public,Southeast
Winston-Salem State University,NC,Public,Southeast
Western Carolina University,NC,Public,Southeast
Dickinson State University,ND,Public,Midwest
Mayville State University,ND,Public,Midwest
Minot State University,ND,Public,Midwest
University of North Dakota,ND,Public,Midwest
North Dakota State University-Main Campus,ND,Public,Midwest
Valley City State University,ND,Public,Midwest
University of Akron Main Campus,OH,Public,Midwest
Bowling Green State University-Main Campus,OH,Public,Midwest
Central State University,OH,Public,Midwest
University of Cincinnati-Main Campus,OH,Public,Midwest
Cleveland State University,OH,Public,Midwest
Kent State University at Kent,OH,Public,Midwest
Miami University-Hamilton,OH,Public,Midwest
Miami University-Middletown,OH,Public,Midwest
Miami University-Oxford,OH,Public,Midwest
Ohio State University-Main Campus,OH,Public,Midwest
Ohio University-Main Campus,OH,Public,Midwest
Shawnee State University,OH,Public,Midwest
University of Toledo,OH,Public,Midwest
Wright State University-Main Campus,OH,Public,Midwest
Wright State University-Lake Campus,OH,Public,Midwest
Youngstown State University,OH,Public,Midwest
Cameron University,OK,Public,West
University of Central Oklahoma,OK,Public,West
East Central University,OK,Public,West
Langston University,OK,Public,West
Northeastern State University,OK,Public,West
Northwestern Oklahoma State University,OK,Public,West
University of Oklahoma-Health Sciences Center,OK,Public,West
Oklahoma Panhandle State University,OK,Public,West
Oklahoma State University-Main Campus,OK,Public,West
University of Oklahoma-Norman Campus,OK,Public,West
Rogers State University,OK,Public,West
University of Science and Arts of Oklahoma,OK,Public,West
Southeastern Oklahoma State University,OK,Public,West
Southwestern Oklahoma State University,OK,Public,West
Eastern Oregon University,OR,Public,West
Oregon Health & Science University,OR,Public,West
Oregon Institute of Technology,OR,Public,West
Oregon State University,OR,Public,West
University of Oregon,OR,Public,West
Portland State University,OR,Public,West
Southern Oregon University,OR,Public,West
Western Oregon University,OR,Public,West
Bloomsburg University of Pennsylvania,PA,Public,Northeast
California University of Pennsylvania,PA,Public,Northeast
Cheyney University of Pennsylvania,PA,Public,Northeast
Clarion University of Pennsylvania,PA,Public,Northeast
East Stroudsburg University of Pennsylvania,PA,Public,Northeast
Edinboro University of Pennsylvania,PA,Public,Northeast
Indiana University of Pennsylvania-Main Campus,PA,Public,Northeast
Kutztown University of Pennsylvania,PA,Public,Northeast
Lincoln University,PA,Public,Northeast
Lock Haven University,PA,Public,Northeast
Mansfield University of Pennsylvania,PA,Public,Northeast
Millersville University of Pennsylvania,PA,Public,Northeast
Pennsylvania State University-Penn State Erie-Behrend College,PA,Public,Northeast
Pennsylvania State University-Penn State New Kensington,PA,Public,Northeast
Pennsylvania State University-Penn State Shenango,PA,Public,Northeast
Pennsylvania State University-Penn State Wilkes-Barre,PA,Public,Northeast
Pennsylvania State University-Penn State Scranton,PA,Public,Northeast
Pennsylvania State University-Penn State Lehigh Valley,PA,Public,Northeast
Pennsylvania State University-Penn State Altoona,PA,Public,Northeast
Pennsylvania State University-Penn State Beaver,PA,Public,Northeast
Pennsylvania State University-Penn State Berks,PA,Public,Northeast
Pennsylvania State University-Penn State Harrisburg,PA,Public,Northeast
Pennsylvania State University-Penn State Brandywine,PA,Public,Northeast
Pennsylvania State University-Penn State Fayette- Eberly,PA,Public,Northeast
Pennsylvania State University-Penn State Hazleton,PA,Public,Northeast
Pennsylvania State University-Main Campus,PA,Public,Northeast
Pennsylvania State University-Penn State Greater Allegheny,PA,Public,Northeast
Pennsylvania State University-Penn State Abington,PA,Public,Northeast
Pennsylvania State University-Penn State Schuylkill,PA,Public,Northeast
Pennsylvania State University-Penn State York,PA,Public,Northeast
University of Pittsburgh-Bradford,PA,Public,Northeast
University of Pittsburgh-Greensburg,PA,Public,Northeast
University of Pittsburgh-Johnstown,PA,Public,Northeast
University of Pittsburgh-Pittsburgh Campus,PA,Public,Northeast
Shippensburg University of Pennsylvania,PA,Public,Northeast
Slippery Rock University of Pennsylvania,PA,Public,Northeast
Temple University,PA,Public,Northeast
West Chester University of Pennsylvania,PA,Public,Northeast
Rhode Island College,RI,Public,Northeast
University of Rhode Island,RI,Public,Northeast
College of Charleston,SC,Public,Southeast
Citadel Military College of South Carolina,SC,Public,Southeast
Clemson University,SC,Public,Southeast
Francis Marion University,SC,Public,Southeast
Lander University,SC,Public,Southeast
Medical University of South Carolina,SC,Public,Southeast
University of South Carolina-Aiken,SC,Public,Southeast
University of South Carolina-Beaufort,SC,Public,Southeast
University of South Carolina-Columbia,SC,Public,Southeast
Coastal Carolina University,SC,Public,Southeast
South Carolina State University,SC,Public,Southeast
University of South Carolina-Upstate,SC,Public,Southeast
Winthrop University,SC,Public,Southeast
Black Hills State University,SD,Public,Midwest
Dakota State University,SD,Public,Midwest
Northern State University,SD,Public,Midwest
South Dakota School of Mines and Technology,SD,Public,Midwest
South Dakota State University,SD,Public,Midwest
University of South Dakota,SD,Public,Midwest
Austin Peay State University,TN,Public,Southeast
East Tennessee State University,TN,Public,Southeast
University of Memphis,TN,Public,Southeast
Middle Tennessee State University,TN,Public,Southeast
The University of Tennessee-Chattanooga,TN,Public,Southeast
The University of Tennessee-Knoxville,TN,Public,Southeast
The University of Tennessee-Martin,TN,Public,Southeast
Tennessee State University,TN,Public,Southeast
Tennessee Technological University,TN,Public,Southeast
Angelo State University,TX,Public,West
Texas A & M University-Corpus Christi,TX,Public,West
Texas A&M University-Texarkana,TX,Public,West
Texas A & M University-Commerce,TX,Public,West
University of Houston-Clear Lake,TX,Public,West
University of Houston-Downtown,TX,Public,West
University of Houston-Victoria,TX,Public,West
University of Houston,TX,Public,West
Lamar University,TX,Public,West
Texas A & M International University,TX,Public,West
Midwestern State University,TX,Public,West
University of North Texas,TX,Public,West
The University of Texas Rio Grande Valley,TX,Public,West
Prairie View A & M University,TX,Public,West
Sam Houston State University,TX,Public,West
Stephen F Austin State University,TX,Public,West
Texas State University,TX,Public,West
Sul Ross State University,TX,Public,West
Tarleton State University,TX,Public,West
The University of Texas Health Science Center at San Antonio,TX,Public,West
The University of Texas Medical Branch,TX,Public,West
Texas A & M University-Kingsville,TX,Public,West
Texas A & M University-College Station,TX,Public,West
The University of Texas at Arlington,TX,Public,West
The University of Texas at Austin,TX,Public,West
The University of Texas at Dallas,TX,Public,West
The University of Texas at El Paso,TX,Public,West
The University of Texas at Tyler,TX,Public,West
The University of Texas of the Permian Basin,TX,Public,West
The University of Texas at San Antonio,TX,Public,West
Texas Southern University,TX,Public,West
Texas Tech University,TX,Public,West
Texas Woman's University,TX,Public,West
The University of Texas Health Science Center at Houston,TX,Public,West
Texas Tech University Health Sciences Center,TX,Public,West
West Texas A & M University,TX,Public,West
Southern Utah University,UT,Public,West
Utah State University,UT,Public,West
Utah Valley University,UT,Public,West
University of Utah,UT,Public,West
Weber State University,UT,Public,West
Castleton University,VT,Public,Northeast
Northern Vermont University,VT,Public,Northeast
Lyndon State College,VT,Public,Northeast
University of Vermont,VT,Public,Northeast
College of William and Mary,VA,Public,Southeast
Christopher Newport University,VA,Public,Southeast
George Mason University,VA,Public,Southeast
James Madison University,VA,Public,Southeast
Longwood University,VA,Public,Southeast
University of Mary Washington,VA,Public,Southeast
Norfolk State University,VA,Public,Southeast
Old Dominion University,VA,Public,Southeast
Radford University,VA,Public,Southeast
The University of Virginia's College at Wise,VA,Public,Southeast
Virginia Polytechnic Institute and State University,VA,Public,Southeast
Virginia Commonwealth University,VA,Public,Southeast
University of Virginia-Main Campus,VA,Public,Southeast
Virginia Military Institute,VA,Public,Southeast
Virginia State University,VA,Public,Southeast
Central Washington University,WA,Public,West
Eastern Washington University,WA,Public,West
The Evergreen State College,WA,Public,West
Washington State University,WA,Public,West
University of Washington-Seattle Campus,WA,Public,West
Western Washington University,WA,Public,West
Bluefield State College,WV,Public,Southeast
Concord University,WV,Public,Southeast
Fairmont State University,WV,Public,Southeast
Glenville State College,WV,Public,Southeast
Marshall University,WV,Public,Southeast
Shepherd University,WV,Public,Southeast
West Virginia State University,WV,Public,Southeast
West Liberty University,WV,Public,Southeast
West Virginia University,WV,Public,Southeast
University of Wisconsin-Whitewater,WI,Public,Midwest
University of Wisconsin-Eau Claire,WI,Public,Midwest
University of Wisconsin-Green Bay,WI,Public,Midwest
University of Wisconsin-La Crosse,WI,Public,Midwest
University of Wisconsin-Oshkosh,WI,Public,Midwest
University of Wisconsin-Parkside,WI,Public,Midwest
University of Wisconsin-Stout,WI,Public,Midwest
University of Wisconsin-Superior,WI,Public,Midwest
University of Wisconsin-Madison,WI,Public,Midwest
University of Wisconsin-Milwaukee,WI,Public,Midwest
University of Wisconsin-Platteville,WI,Public,Midwest
University of Wisconsin-River Falls,WI,Public,Midwest
University of Wisconsin-Stevens Point,WI,Public,Midwest
University of Wyoming,WY,Public,West
University of Guam,GU,Public,Territory
Colegio Universitario de San Juan,PR,Public,Territory
Conservatory of Music of Puerto Rico,PR,Public,Territory
Escuela de Artes Plasticas y Diseno de Puerto Rico,PR,Public,Territory
University of Puerto Rico-Aguadilla,PR,Public,Territory
University of Puerto Rico-Arecibo,PR,Public,Territory
University of Puerto Rico-Bayamon,PR,Public,Territory
University of Puerto Rico-Carolina,PR,Public,Territory
University of Puerto Rico-Cayey,PR,Public,Territory
University of Puerto Rico-Humacao,PR,Public,Territory
University of Puerto Rico-Mayaguez,PR,Public,Territory
University of Puerto Rico-Medical Sciences,PR,Public,Territory
University of Puerto Rico-Ponce,PR,Public,Territory
University of Puerto Rico-Rio Piedras,PR,Public,Territory
University of the Virgin Islands,VI,Public,Territory
Purdue University-Main Campus,IN,Public,Midwest
New College of Florida,FL,Public,Southeast
California State University-San Marcos,CA,Public,West
University of Washington-Bothell Campus,WA,Public,West
University of Washington-Tacoma Campus,WA,Public,West
Arizona State University-West,AZ,Public,West
California State University-Monterey Bay,CA,Public,West
The University of Texas MD Anderson Cancer Center,TX,Public,West
Arizona State University-Polytechnic,AZ,Public,West
Florida Gulf Coast University,FL,Public,Southeast
Louisiana State University Health Sciences Center-Shreveport,LA,Public,Southeast
University of Connecticut-Waterbury Campus,CT,Public,Northeast
University of Connecticut-Avery Point,CT,Public,Northeast
University of Connecticut-Stamford,CT,Public,Northeast
Oregon State University-Cascades Campus,OR,Public,West
Nevada State College,NV,Public,West
California State University-Channel Islands,CA,Public,West
University of California-Merced,CA,Public,West
Georgia Gwinnett College,GA,Public,Southeast
University of South Florida-St Petersburg,FL,Public,Southeast
Arizona State University-Downtown Phoenix,AZ,Public,West
University of South Florida-Sarasota-Manatee,FL,Public,Southeast
University of Minnesota-Rochester,MN,Public,Midwest
Texas A&M University-San Antonio,TX,Public,West
University of Connecticut-Hartford Campus,CT,Public,Northeast
Colorado State University-Global Campus,CO,Public,West
Pennsylvania State University-World Campus,PA,Public,Northeast
Augusta University,GA,Public,Southeast
Middle Georgia State University,GA,Public,Southeast
University of North Georgia,GA,Public,Southeast
Florida Polytechnic University,FL,Public,Southeast
Texas A & M University-Central Texas,TX,Public,West
Arizona State University-Skysong,AZ,Public,West
University of Florida-Online,FL,Public,Southeast
University of North Texas at Dallas,TX,Public,West
Kennesaw State University,GA,Public,Southeast
The University of Tennessee Health Science Center,TN,Public,Southeast
University of Arizona-South,AZ,Public,West
Purdue University Northwest,IN,Public,Midwest
University of Wisconsin-Milwaukee Flex,WI,Public,Midwest